sample_297	CP000616.1/53228-54760	99.758	413	1	0	1	413	796	1208	0.0	741
sample_297	CP000614.1/2561787-2560255	99.758	413	1	0	1	413	796	1208	0.0	741
sample_297	CP013438.1/2043592-2042060	99.516	413	2	0	1	413	796	1208	0.0	737
sample_297	CP013437.1/515133-513601	99.516	413	2	0	1	413	796	1208	0.0	737
sample_297	CP013435.1/548544-550076	99.516	413	2	0	1	413	796	1208	0.0	737
sample_5115	FMKA01000073.1/127-1658	95.405	370	17	0	1	370	522	891	1.39e-167	591
sample_5115	FUXZ01000001.1/86-1205	95.405	370	16	1	1	370	522	890	1.69e-166	588
sample_5115	FQYT01000050.1/1514-265	95.405	370	16	1	1	370	239	607	1.69e-166	588
sample_5115	LN879430.1/700550-702082	95.135	370	18	0	1	370	522	891	1.69e-166	587
sample_5115	LN879430.1/2330316-2328784	95.135	370	18	0	1	370	522	891	1.69e-166	587
sample_5217	CP000029.1/1718864-1717314	99.752	404	1	0	1	404	365	768	0.0	725
sample_5217	CP000029.1/1808184-1806634	99.505	404	2	0	1	404	365	768	0.0	720
sample_5217	CP000029.1/150375-151925	99.505	404	2	0	1	404	365	768	0.0	720
sample_5217	CP000029.1/105735-107285	99.505	404	2	0	1	404	365	768	0.0	720
sample_5217	HE965414.1/228-1778	99.505	404	2	0	1	404	365	768	0.0	720
sample_8665	AP006716.1/2500338-2498788	98.792	414	5	0	1	414	28	441	0.0	725
sample_8665	AP006716.1/879835-881385	98.792	414	5	0	1	414	28	441	0.0	725
sample_8665	AP006716.1/1103123-1104673	98.551	414	6	0	1	414	28	441	0.0	720
sample_8665	AP006716.1/2544026-2542476	98.551	414	6	0	1	414	28	441	0.0	720
sample_8665	AP006716.1/971186-972736	98.551	414	6	0	1	414	28	441	0.0	720
sample_2971	LKDW01000070.1/1486-49	99.765	425	0	1	1	424	461	885	0.0	759
sample_2971	LHPH01000056.1/1590-49	99.529	425	1	1	1	424	565	989	0.0	755
sample_2971	JJNZ01000033.1/4816-3281	99.059	425	3	1	1	424	559	983	0.0	746
sample_2971	CR954246.1/35133-36668	99.059	425	3	1	1	424	559	983	0.0	746
sample_2971	CR954246.1/3194787-3193252	99.059	425	3	1	1	424	559	983	0.0	746
sample_3904	ADBS01000001.1/2684736-2683185	97.051	373	5	5	1	372	348	715	1.82e-172	607
sample_3904	ADBS01000001.1/2533065-2531514	97.051	373	5	5	1	372	348	715	1.82e-172	607
sample_3904	ADBS01000001.1/2412276-2410725	97.051	373	5	5	1	372	348	715	1.82e-172	607
sample_3904	ADBS01000001.1/2802103-2800552	97.051	373	5	5	1	372	348	715	1.82e-172	607
sample_3904	ADBS01000001.1/2679175-2677624	97.051	373	5	5	1	372	348	715	1.82e-172	607
sample_6366	CP000029.1/150375-151925	99.767	429	1	0	1	429	28	456	0.0	770
sample_6366	HE965414.1/228-1778	99.767	429	1	0	1	429	28	456	0.0	770
sample_6366	CP000029.1/155527-157077	99.767	429	1	0	1	429	28	456	0.0	770
sample_6366	CP000029.1/1808184-1806634	99.534	429	2	0	1	429	28	456	0.0	765
sample_6366	CP000029.1/105735-107285	99.534	429	2	0	1	429	28	456	0.0	765
sample_3835	JH594438.1/5716-4200	96.296	378	14	0	1	378	506	883	2.96e-176	619
sample_3835	JRNA01000017.1/17512-15999	93.915	378	21	1	1	378	505	880	3.16e-163	576
sample_3835	KI535272.1/406-1920	93.386	378	25	0	1	378	504	881	4.70e-161	570
sample_3835	GG688422.1/371732-370220	92.348	379	25	2	1	378	506	881	1.53e-154	548
sample_3835	GG688422.1/1081952-1083464	92.348	379	25	2	1	378	506	881	1.53e-154	548
sample_3438	CP006812.1/1293721-1292160	96.920	487	13	2	1	485	785	1271	0.0	804
sample_3438	CP006812.1/462094-463655	96.920	487	13	2	1	485	785	1271	0.0	804
sample_3438	CP006812.1/130694-132255	96.920	487	13	2	1	485	785	1271	0.0	804
sample_3438	FXBJ01000002.1/498684-497127	96.715	487	14	2	1	485	781	1267	0.0	800
sample_3438	NGMT01000001.1/946683-948240	96.701	485	14	2	1	483	783	1267	0.0	796
sample_7709	URS0000BC469A_1280/1-1547	99.754	407	1	0	1	407	5	411	0.0	730
sample_7709	URS0000D56C2C_1280/6-1539	99.509	407	2	0	1	407	1	407	0.0	726
sample_7709	CP000253.1/2244355-2242802	99.509	407	2	0	1	407	9	415	0.0	726
sample_7709	URS0000070030_1280/2-1553	99.509	407	2	0	1	407	9	415	0.0	726
sample_7709	CP000253.1/493100-494651	99.509	407	2	0	1	407	9	415	0.0	726
sample_4693	AP006716.1/2500338-2498788	98.792	414	5	0	1	414	28	441	0.0	725
sample_4693	AP006716.1/879835-881385	98.792	414	5	0	1	414	28	441	0.0	725
sample_4693	AP006716.1/1103123-1104673	98.551	414	6	0	1	414	28	441	0.0	720
sample_4693	AP006716.1/2544026-2542476	98.551	414	6	0	1	414	28	441	0.0	720
sample_4693	AP006716.1/971186-972736	98.551	414	6	0	1	414	28	441	0.0	720
sample_6307	ABKZ01000640.1/5030-3495	99.034	414	4	0	1	414	28	441	0.0	729
sample_6307	AE004091.2/6044744-6043209	99.034	414	4	0	1	414	28	441	0.0	729
sample_6307	AE004091.2/5269260-5267725	99.034	414	4	0	1	414	28	441	0.0	729
sample_6307	AE004091.2/722096-723631	99.034	414	4	0	1	414	28	441	0.0	729
sample_6307	AE004091.2/4793732-4792197	99.034	414	4	0	1	414	28	441	0.0	729
sample_961	CBXI010000035.1/1550-42	100.000	439	0	0	1	439	354	792	0.0	792
sample_961	LWAE01000022.1/4361-2854	98.178	439	8	0	1	439	352	790	0.0	756
sample_961	LWAE01000024.1/5542-4035	98.178	439	8	0	1	439	352	790	0.0	756
sample_961	LWAE01000006.1/11300-12811	98.178	439	8	0	1	439	355	793	0.0	756
sample_961	LWAE01000004.1/1925-416	98.178	439	8	0	1	439	353	791	0.0	756
sample_723	DS027472.1/1139-1	98.276	406	6	1	1	405	28	433	0.0	698
sample_723	LDJK01000058.1/5124-3578	98.276	406	6	1	1	405	28	433	0.0	698
sample_723	LL974006.1/233-1777	98.030	406	5	3	1	405	28	431	0.0	686
sample_723	MUYX01000273.1/2396-852	97.537	406	7	3	1	405	28	431	0.0	677
sample_723	CP017483.1/2547932-2549478	97.044	406	11	1	1	405	28	433	0.0	675
sample_4922	CP010777.1/4818201-4819710	85.285	333	49	0	3	335	30	362	4.09e-104	380
sample_4922	CP010777.1/2694987-2693478	85.285	333	49	0	3	335	30	362	4.09e-104	380
sample_4922	MTSE01000006.1/362798-364311	83.383	337	50	2	3	335	30	364	5.69e-96	352
sample_4922	FZOQ01000060.1/5035-3513	83.285	347	43	6	3	335	30	375	1.99e-95	352
sample_4922	MLAY01000031.1/213-1712	83.881	335	47	4	3	335	30	359	6.93e-95	350
sample_2090	CP003583.1/463157-464716	99.719	356	1	0	1	356	18	373	0.0	638
sample_2090	KE136514.1/425381-426940	99.719	356	1	0	1	356	18	373	0.0	638
sample_2090	KE136514.1/152619-154178	99.719	356	1	0	1	356	18	373	0.0	638
sample_2090	KE136512.1/412887-414446	99.719	356	1	0	1	356	18	373	0.0	638
sample_2090	CP003583.1/2422529-2420970	99.719	356	1	0	1	356	18	373	0.0	638
sample_6526	CP000029.1/150375-151925	99.510	408	2	0	1	408	28	435	0.0	728
sample_6526	HE965414.1/228-1778	99.510	408	2	0	1	408	28	435	0.0	728
sample_6526	CP000029.1/155527-157077	99.510	408	2	0	1	408	28	435	0.0	728
sample_6526	CP000029.1/1808184-1806634	99.265	408	3	0	1	408	28	435	0.0	723
sample_6526	CP000029.1/105735-107285	99.265	408	3	0	1	408	28	435	0.0	723
sample_8223	AP006716.1/2500338-2498788	98.551	414	6	0	1	414	28	441	0.0	720
sample_8223	AP006716.1/879835-881385	98.551	414	6	0	1	414	28	441	0.0	720
sample_8223	AP006716.1/1103123-1104673	98.309	414	7	0	1	414	28	441	0.0	716
sample_8223	AP006716.1/2544026-2542476	98.309	414	7	0	1	414	28	441	0.0	716
sample_8223	AP006716.1/971186-972736	98.309	414	7	0	1	414	28	441	0.0	716
sample_2260	AP006716.1/2500338-2498788	98.544	412	6	0	1	412	28	439	0.0	717
sample_2260	AP006716.1/879835-881385	98.544	412	6	0	1	412	28	439	0.0	717
sample_2260	AP006716.1/1103123-1104673	98.301	412	7	0	1	412	28	439	0.0	712
sample_2260	AP006716.1/2544026-2542476	98.301	412	7	0	1	412	28	439	0.0	712
sample_2260	AP006716.1/971186-972736	98.301	412	7	0	1	412	28	439	0.0	712
sample_1810	CP000725.1/2178566-2177010	99.446	361	2	0	1	361	28	388	0.0	643
sample_1810	CP000725.1/661151-662707	98.892	361	4	0	1	361	28	388	1.27e-180	634
sample_1810	CP000725.1/2022125-2020569	98.892	361	4	0	1	361	28	388	1.27e-180	634
sample_1810	CP000725.1/1770115-1768559	98.892	361	4	0	1	361	28	388	1.27e-180	634
sample_1810	CP003857.1/1518749-1517195	93.352	361	24	0	1	361	28	388	1.76e-153	544
sample_4027	LM430356.1/689-1	96.438	393	14	0	1	393	244	636	0.0	646
sample_4027	JMIR01000093.1/1-911	96.438	393	14	0	1	393	268	660	0.0	646
sample_4027	URS000080E21B_562/1-927	96.438	393	14	0	1	393	357	749	0.0	646
sample_4027	URS0000E60B9A_562/1-1528	96.438	393	14	0	1	393	358	750	0.0	646
sample_4027	URS000080E24C_562/5-1530	96.438	393	14	0	1	393	350	742	0.0	646
sample_5080	CP000029.1/150375-151925	98.992	397	4	0	1	397	28	424	0.0	699
sample_5080	HE965414.1/228-1778	98.992	397	4	0	1	397	28	424	0.0	699
sample_5080	CP000029.1/155527-157077	98.992	397	4	0	1	397	28	424	0.0	699
sample_5080	CP000029.1/1808184-1806634	98.741	397	5	0	1	397	28	424	0.0	694
sample_5080	CP000029.1/105735-107285	98.741	397	5	0	1	397	28	424	0.0	694
sample_806	LWAE01000022.1/4361-2854	97.722	439	10	0	1	439	352	790	0.0	747
sample_806	LWAE01000024.1/5542-4035	97.722	439	10	0	1	439	352	790	0.0	747
sample_806	LWAE01000006.1/11300-12811	97.722	439	10	0	1	439	355	793	0.0	747
sample_806	LWAE01000004.1/1925-416	97.722	439	10	0	1	439	353	791	0.0	747
sample_806	LWAE01000002.1/3441-4950	97.722	439	10	0	1	439	353	791	0.0	747
sample_152	ADMN01000083.1/697-1	95.962	421	17	0	1	421	102	522	0.0	683
sample_152	CP013476.1/1312129-1313642	95.962	421	17	0	1	421	311	731	0.0	683
sample_152	CP013476.1/576664-575147	95.962	421	17	0	1	421	311	731	0.0	683
sample_152	CP013476.1/2122234-2123750	95.962	421	17	0	1	421	311	731	0.0	683
sample_152	CP013476.1/1812946-1814462	95.962	421	17	0	1	421	311	731	0.0	683
sample_4896	DS027472.1/1139-1	98.783	411	5	0	1	411	28	438	0.0	719
sample_4896	LDJK01000058.1/5124-3578	98.783	411	5	0	1	411	28	438	0.0	719
sample_4896	LL974006.1/233-1777	98.540	411	4	2	1	411	28	436	0.0	708
sample_4896	MUYX01000273.1/2396-852	98.054	411	6	2	1	411	28	436	0.0	699
sample_4896	CP017483.1/2547932-2549478	97.567	411	10	0	1	411	28	438	0.0	697
sample_1175	CP007031.1/3427432-3425905	94.667	450	24	0	1	450	244	693	0.0	704
sample_1175	CP007031.1/294591-296118	94.667	450	24	0	1	450	244	693	0.0	704
sample_1175	CP007031.1/1451654-1453181	94.667	450	24	0	1	450	244	693	0.0	704
sample_1175	AP012273.1/2893355-2891815	94.000	450	27	0	1	450	256	705	0.0	691
sample_1175	CP003051.1/1114652-1116187	93.778	450	28	0	1	450	252	701	0.0	686
sample_2187	CP000880.1/2664363-2662822	100.000	431	0	0	1	431	1	431	0.0	778
sample_2187	AE006468.2/3572014-3570473	100.000	431	0	0	1	431	1	431	0.0	778
sample_2187	AE006468.2/4351143-4352684	100.000	431	0	0	1	431	1	431	0.0	778
sample_2187	AE006468.2/4196072-4197613	100.000	431	0	0	1	431	1	431	0.0	778
sample_2187	AE006468.2/4100145-4101686	100.000	431	0	0	1	431	1	431	0.0	778
sample_6273	CP000880.1/2664363-2662822	100.000	431	0	0	1	431	1	431	0.0	778
sample_6273	AE006468.2/3572014-3570473	100.000	431	0	0	1	431	1	431	0.0	778
sample_6273	AE006468.2/4351143-4352684	100.000	431	0	0	1	431	1	431	0.0	778
sample_6273	AE006468.2/4196072-4197613	100.000	431	0	0	1	431	1	431	0.0	778
sample_6273	AE006468.2/4100145-4101686	100.000	431	0	0	1	431	1	431	0.0	778
sample_8974	CP000880.1/2664363-2662822	100.000	431	0	0	1	431	1	431	0.0	778
sample_8974	AE006468.2/3572014-3570473	100.000	431	0	0	1	431	1	431	0.0	778
sample_8974	AE006468.2/4351143-4352684	100.000	431	0	0	1	431	1	431	0.0	778
sample_8974	AE006468.2/4196072-4197613	100.000	431	0	0	1	431	1	431	0.0	778
sample_8974	AE006468.2/4100145-4101686	100.000	431	0	0	1	431	1	431	0.0	778
sample_3667	CP019323.1/858939-860515	98.214	392	7	0	1	392	648	1039	0.0	676
sample_3667	CP019323.1/645012-646588	98.214	392	7	0	1	392	648	1039	0.0	676
sample_3667	CP019323.1/1914-338	98.214	392	7	0	1	392	648	1039	0.0	676
sample_3667	CP019323.1/1541612-1543188	98.214	392	7	0	1	392	648	1039	0.0	676
sample_3667	AZDG01000033.1/5037-3464	98.210	391	7	0	1	391	648	1038	0.0	674
sample_5117	KQ483358.1/3629733-3628199	94.026	385	23	0	1	385	95	479	1.45e-167	591
sample_5117	KQ483358.1/1091823-1093357	94.026	385	23	0	1	385	95	479	1.45e-167	591
sample_5117	KQ483358.1/1086236-1087770	94.026	385	23	0	1	385	95	479	1.45e-167	591
sample_5117	CP019239.1/658714-660248	92.727	385	28	0	1	385	95	479	4.75e-161	569
sample_5117	CP019239.1/653034-654568	92.727	385	28	0	1	385	95	479	4.75e-161	569
sample_5421	LFJF01047558.1/10263-12408	97.297	74	2	0	1	74	2064	2137	1.16e-27	125
sample_5421	DS547321.1/9776-9704	100.000	68	0	0	1	68	6	73	4.04e-27	123
sample_5421	JEMT01014353.1/434-331	100.000	68	0	0	1	68	37	104	4.04e-27	123
sample_5421	JEMT01015414.1/853-771	100.000	68	0	0	1	68	16	83	4.04e-27	123
sample_5421	AUND01000035.1/1-107	100.000	68	0	0	1	68	40	107	4.04e-27	123
sample_7192	DS027472.1/1139-1	98.768	406	5	0	1	406	28	433	0.0	710
sample_7192	LDJK01000058.1/5124-3578	98.768	406	5	0	1	406	28	433	0.0	710
sample_7192	LL974006.1/233-1777	98.522	406	4	2	1	406	28	431	0.0	699
sample_7192	MUYX01000273.1/2396-852	98.030	406	6	2	1	406	28	431	0.0	690
sample_7192	CP017483.1/2547932-2549478	97.537	406	10	0	1	406	28	433	0.0	688
sample_1264	MWFK01000002.1/2120599-2119074	100.000	481	0	0	1	481	299	779	0.0	868
sample_1264	MWFK01000002.1/1601574-1600049	100.000	481	0	0	1	481	299	779	0.0	868
sample_1264	MWFK01000001.1/3955500-3957025	100.000	481	0	0	1	481	299	779	0.0	868
sample_1264	MWFK01000001.1/2549714-2551239	100.000	481	0	0	1	481	299	779	0.0	868
sample_1264	MWFK01000001.1/1873020-1871495	100.000	481	0	0	1	481	299	779	0.0	868
sample_929	CP000880.1/2664363-2662822	99.768	431	0	1	1	430	1	431	0.0	770
sample_929	AE006468.2/3572014-3570473	99.768	431	0	1	1	430	1	431	0.0	770
sample_929	AE006468.2/4351143-4352684	99.768	431	0	1	1	430	1	431	0.0	770
sample_929	AE006468.2/4196072-4197613	99.768	431	0	1	1	430	1	431	0.0	770
sample_929	AE006468.2/4100145-4101686	99.768	431	0	1	1	430	1	431	0.0	770
sample_7009	CP000029.1/150375-151925	99.291	423	3	0	1	423	28	450	0.0	750
sample_7009	HE965414.1/228-1778	99.291	423	3	0	1	423	28	450	0.0	750
sample_7009	CP000029.1/155527-157077	99.291	423	3	0	1	423	28	450	0.0	750
sample_7009	CP000029.1/1808184-1806634	99.054	423	4	0	1	423	28	450	0.0	746
sample_7009	CP000029.1/105735-107285	99.054	423	4	0	1	423	28	450	0.0	746
sample_5766	CAFK01000252.1/134-1622	99.758	413	1	0	1	413	141	553	0.0	741
sample_5766	CU234118.1/6696479-6694991	99.516	413	2	0	1	413	141	553	0.0	737
sample_5766	CU234118.1/5055321-5053833	99.516	413	2	0	1	413	141	553	0.0	737
sample_5766	LLYB01000065.1/136777-138267	99.274	413	3	0	1	413	141	553	0.0	732
sample_5766	KB375282.1/137813-139299	99.274	413	3	0	1	413	141	553	0.0	732
sample_6955	CP000029.1/150375-151925	98.284	408	7	0	1	408	28	435	0.0	705
sample_6955	HE965414.1/228-1778	98.284	408	7	0	1	408	28	435	0.0	705
sample_6955	CP000029.1/155527-157077	98.284	408	7	0	1	408	28	435	0.0	705
sample_6955	CP000029.1/1808184-1806634	98.039	408	8	0	1	408	28	435	0.0	700
sample_6955	CP000029.1/105735-107285	98.039	408	8	0	1	408	28	435	0.0	700
sample_5582	CP001101.1/149102-150603	98.504	401	5	1	1	400	726	1126	0.0	693
sample_5582	CP001101.1/121453-122954	98.504	401	5	1	1	400	726	1126	0.0	693
sample_5582	CP022571.1/147941-149443	96.010	401	15	1	1	400	727	1127	0.0	648
sample_5582	CP022571.1/129098-130600	96.010	401	15	1	1	400	727	1127	0.0	648
sample_5582	CP020873.1/129024-130525	95.262	401	18	1	1	400	726	1126	1.42e-180	635
sample_1234	CP016591.1/2981999-2980511	97.506	401	10	0	1	401	28	428	0.0	679
sample_1234	CP011452.2/3096150-3097637	97.506	401	10	0	1	401	28	428	0.0	679
sample_1234	CP011452.2/3089467-3090954	97.506	401	10	0	1	401	28	428	0.0	679
sample_1234	LMHH01000002.1/266274-264786	97.506	401	10	0	1	401	28	428	0.0	679
sample_1234	LZYB01000003.1/380784-382268	96.758	401	13	0	1	401	28	428	0.0	665
sample_2165	LAZH01000029.1/1574-9	97.019	369	9	2	1	368	380	747	5.17e-173	609
sample_2165	CCAX010000002.1/8419-9982	97.019	369	9	2	1	368	380	747	5.17e-173	609
sample_2165	CCAX010000002.1/703014-704577	97.019	369	9	2	1	368	380	747	5.17e-173	609
sample_2165	CCAX010000001.1/902109-900546	97.019	369	9	2	1	368	380	747	5.17e-173	609
sample_2165	CCAX010000001.1/1404645-1403082	97.019	369	9	2	1	368	380	747	5.17e-173	609
sample_8633	FP929061.1/44189-45721	100.000	375	0	0	1	375	28	402	0.0	677
sample_8633	FP929055.1/152-1682	93.103	377	20	4	1	375	28	400	1.24e-155	551
sample_8633	DS990170.1/243841-242309	92.308	377	25	4	1	375	28	402	9.52e-151	535
sample_8633	MJHW01000006.1/27179-25647	91.733	375	29	2	1	375	28	400	4.05e-149	530
sample_8633	MJHW01000015.1/413-1945	91.733	375	29	2	1	375	28	400	4.05e-149	530
sample_1804	CP000360.1/5261568-5260067	93.017	401	26	1	1	401	928	1326	1.25e-168	595
sample_1804	CP001472.1/2863328-2864827	90.796	402	35	1	1	402	926	1325	3.14e-157	556
sample_1804	MKSV01000010.1/198777-200276	89.055	402	42	1	1	402	926	1325	1.86e-147	525
sample_1804	CP002480.1/3732219-3730720	89.330	403	39	3	1	402	926	1325	1.86e-147	524
sample_1804	FZOU01000006.1/242853-241352	88.806	402	43	1	1	402	926	1325	2.26e-146	520
sample_6661	CP002205.1/696458-697976	97.329	337	9	0	1	337	342	678	1.43e-160	568
sample_6661	CP002205.1/2121997-2120479	97.329	337	9	0	1	337	342	678	1.43e-160	568
sample_6661	CP002205.1/1570997-1569479	97.329	337	9	0	1	337	342	678	1.43e-160	568
sample_6661	CP002205.1/1740896-1739378	97.329	337	9	0	1	337	342	678	1.43e-160	568
sample_6661	AUPZ01000025.1/510-2031	95.846	337	14	0	1	337	344	680	4.69e-154	545
sample_5123	CP010554.1/779055-780622	98.135	429	6	2	1	427	934	1362	0.0	731
sample_5123	CP010554.1/2459704-2458137	98.135	429	6	2	1	427	934	1362	0.0	731
sample_5123	FLQX01000078.1/133-1670	96.970	429	11	2	1	427	924	1352	0.0	709
sample_5123	CP001715.1/4571247-4569710	96.737	429	12	2	1	427	924	1352	0.0	704
sample_5123	CP001715.1/2600429-2601966	96.737	429	12	2	1	427	924	1352	0.0	704
sample_54	CP000029.1/150375-151925	99.043	418	4	0	1	418	28	445	0.0	737
sample_54	HE965414.1/228-1778	99.043	418	4	0	1	418	28	445	0.0	737
sample_54	CP000029.1/155527-157077	99.043	418	4	0	1	418	28	445	0.0	737
sample_54	CP000029.1/1808184-1806634	98.804	418	5	0	1	418	28	445	0.0	732
sample_54	CP000029.1/105735-107285	98.804	418	5	0	1	418	28	445	0.0	732
sample_7014	LT629692.1/2945734-2944213	94.588	425	19	2	1	425	28	448	0.0	658
sample_7014	LMCU01000002.1/210361-208835	94.145	427	21	2	1	425	28	452	0.0	653
sample_7014	LMGR01000001.1/2520677-2519151	93.882	425	26	0	1	425	28	452	0.0	650
sample_7014	CP018762.1/2344689-2343166	93.647	425	25	2	1	425	28	450	0.0	638
sample_7014	LT629695.1/452969-451446	93.412	425	26	2	1	425	28	450	1.51e-180	634
sample_7185	AP014648.1/3304536-3303046	92.000	400	32	0	1	400	29	428	9.55e-164	578
sample_7185	LPWF01000023.1/112858-111367	91.000	400	36	0	1	400	29	428	2.56e-158	560
sample_7185	LPWG01000011.1/250844-249352	91.045	402	34	2	1	400	29	430	3.12e-157	556
sample_7185	LVVY01000108.1/220-1703	91.560	391	23	3	1	391	29	409	3.80e-156	553
sample_7185	FWFR01000014.1/271-1771	90.250	400	39	0	1	400	29	428	5.65e-154	546
sample_1925	CP000029.1/150375-151925	99.527	423	2	0	1	423	28	450	0.0	755
sample_1925	HE965414.1/228-1778	99.527	423	2	0	1	423	28	450	0.0	755
sample_1925	CP000029.1/155527-157077	99.527	423	2	0	1	423	28	450	0.0	755
sample_1925	CP000029.1/1808184-1806634	99.291	423	3	0	1	423	28	450	0.0	750
sample_1925	CP000029.1/105735-107285	99.291	423	3	0	1	423	28	450	0.0	750
sample_5150	LJHO01000010.1/106145-107629	98.396	374	6	0	1	374	309	682	0.0	648
sample_5150	KQ954256.1/136590-135127	97.861	374	8	0	1	374	309	682	0.0	639
sample_5150	CP014545.1/828478-829966	97.594	374	9	0	1	374	309	682	1.32e-180	635
sample_5150	CP014545.1/813377-814865	97.594	374	9	0	1	374	309	682	1.32e-180	635
sample_5150	KQ954285.1/448142-446681	97.326	374	10	0	1	374	309	682	1.60e-179	630
sample_725	BCMY01000192.1/1-1541	98.347	363	5	1	1	363	21	382	6.61e-178	625
sample_725	CP000023.1/358373-359920	98.347	363	5	1	1	363	28	389	6.61e-178	625
sample_725	CP000023.1/66799-68346	98.347	363	5	1	1	363	28	389	6.61e-178	625
sample_725	CP000023.1/17818-19365	98.347	363	5	1	1	363	28	389	6.61e-178	625
sample_725	CP000023.1/1613700-1612153	98.347	363	5	1	1	363	28	389	6.61e-178	625
sample_3408	JXXW01000070.1/216-1748	97.867	375	8	0	1	375	10	384	0.0	641
sample_3408	MWPV01000003.1/527734-529267	97.600	375	9	0	1	375	10	384	0.0	636
sample_3408	MWPV01000009.1/55079-53546	97.600	375	9	0	1	375	10	384	0.0	636
sample_3408	MWPV01000008.1/172202-173735	97.600	375	9	0	1	375	10	384	0.0	636
sample_3408	MWPV01000008.1/141918-143451	97.600	375	9	0	1	375	10	384	0.0	636
sample_2987	FQZL01000075.1/1-1331	91.799	378	27	3	1	376	544	919	3.49e-150	533
sample_2987	FUZT01000039.1/209-1741	90.452	398	32	5	1	392	740	1137	4.25e-149	530
sample_2987	FQZL01000002.1/1-1047	92.371	367	24	3	1	365	678	1042	5.17e-148	526
sample_2987	MRTD01000002.1/1612-57	91.361	382	25	5	1	376	761	1140	5.17e-148	526
sample_2987	MRTD01000002.1/616699-618254	91.361	382	25	5	1	376	761	1140	5.17e-148	526
sample_3909	LWFF01000116.1/1063-1	94.920	374	19	0	1	374	97	470	4.91e-167	590
sample_3909	LWEG01000091.1/5512-4026	94.920	374	19	0	1	374	327	700	4.91e-167	590
sample_3909	LNBY01000017.1/124460-125945	94.920	374	19	0	1	374	326	699	4.91e-167	590
sample_3909	LBLY01000010.1/394-1877	94.624	372	20	0	3	374	328	699	7.29e-165	581
sample_3909	CP014545.1/828478-829966	94.385	374	21	0	1	374	326	699	2.55e-164	581
sample_949	LJHY01000006.1/224-1726	99.738	382	1	0	1	382	325	706	0.0	685
sample_949	LGJH01000052.1/3298-1851	98.168	382	7	0	1	382	268	649	0.0	658
sample_949	AKKE01000064.1/247-1735	98.168	382	7	0	1	382	309	690	0.0	658
sample_949	ALVC01000093.1/104-1592	97.906	382	8	0	1	382	309	690	0.0	654
sample_949	AGFM01000099.1/370-1858	97.906	382	8	0	1	382	309	690	0.0	654
sample_539	DS027472.1/1139-1	99.000	400	4	0	1	400	28	427	0.0	704
sample_539	LDJK01000058.1/5124-3578	99.000	400	4	0	1	400	28	427	0.0	704
sample_539	LL974006.1/233-1777	98.750	400	3	2	1	400	28	425	0.0	692
sample_539	MUYX01000273.1/2396-852	98.250	400	5	2	1	400	28	425	0.0	683
sample_539	CP017483.1/2547932-2549478	97.750	400	9	0	1	400	28	427	0.0	682
sample_7262	MWQY01000051.1/399-1924	91.484	364	29	2	1	363	968	1330	3.66e-143	510
sample_7262	CP002116.1/3458129-3456589	89.286	364	37	2	1	363	985	1347	2.64e-132	474
sample_7262	AZIT01000001.1/446305-444769	89.402	368	33	5	1	363	977	1343	9.20e-132	471
sample_7262	CP002116.1/1642097-1643638	89.041	365	37	3	1	363	985	1348	1.12e-130	468
sample_7262	CP001205.1/442210-440675	89.130	368	34	5	1	363	976	1342	3.91e-130	467
sample_7184	LWEK01001698.1/22-1555	93.122	378	23	3	2	377	526	902	1.02e-156	554
sample_7184	LWEK01001675.1/5476-3943	93.122	378	23	3	2	377	526	902	1.02e-156	554
sample_7184	CH672396.1/30075-28542	92.308	377	28	1	2	377	525	901	5.30e-154	546
sample_7184	FRAQ01000011.1/163-1504	92.042	377	29	1	2	377	532	908	6.45e-153	542
sample_7184	CP003735.1/787129-788669	92.042	377	29	1	2	377	532	908	6.45e-153	542
sample_342	URS0000D56C2C_1280/6-1539	99.522	418	2	0	1	418	20	437	0.0	746
sample_342	CP000253.1/2244355-2242802	99.522	418	2	0	1	418	28	445	0.0	746
sample_342	URS0000070030_1280/2-1553	99.522	418	2	0	1	418	28	445	0.0	746
sample_342	CP000253.1/493100-494651	99.522	418	2	0	1	418	28	445	0.0	746
sample_342	CP000253.1/1906484-1904933	99.522	418	2	0	1	418	28	445	0.0	746
sample_7521	CP014616.1/4653090-4651539	98.928	373	1	3	1	372	543	913	0.0	645
sample_7521	CP014616.1/13279-11728	98.928	373	1	3	1	372	543	913	0.0	645
sample_7521	CP014616.1/801760-803311	98.928	373	1	3	1	372	543	913	0.0	645
sample_7521	CP014616.1/664510-666061	98.928	373	1	3	1	372	543	913	0.0	645
sample_7521	CP014616.1/4587903-4586352	98.928	373	1	3	1	372	543	913	0.0	645
sample_5507	AEUW02000001.1/1209830-1208283	96.092	435	16	1	1	434	1018	1452	0.0	705
sample_5507	AEUW02000001.1/1790750-1792298	96.092	435	16	1	1	434	1019	1453	0.0	705
sample_5507	AEUW02000001.1/1671024-1672572	96.092	435	16	1	1	434	1019	1453	0.0	705
sample_5507	AEUW02000001.1/1595304-1596852	96.092	435	16	1	1	434	1019	1453	0.0	705
sample_5507	AEUW02000001.1/83400-84948	96.092	435	16	1	1	434	1019	1453	0.0	705
sample_4576	URS0000D56C2C_1280/6-1539	99.496	397	2	0	1	397	20	416	0.0	708
sample_4576	CP000253.1/2244355-2242802	99.496	397	2	0	1	397	28	424	0.0	708
sample_4576	URS0000070030_1280/2-1553	99.496	397	2	0	1	397	28	424	0.0	708
sample_4576	CP000253.1/493100-494651	99.496	397	2	0	1	397	28	424	0.0	708
sample_4576	CP000253.1/1906484-1904933	99.496	397	2	0	1	397	28	424	0.0	708
sample_9094	AEUN01000485.1/1-1169	99.760	416	0	1	1	415	476	891	0.0	743
sample_9094	CVUF01000020.1/1342-39	99.760	416	0	1	1	415	324	739	0.0	743
sample_9094	LTWW01000023.1/1-1439	99.760	416	0	1	1	415	459	874	0.0	743
sample_9094	LEKT01000114.1/1522-15	99.760	416	0	1	1	415	526	941	0.0	743
sample_9094	URS0000D56C2C_1280/6-1539	99.760	416	0	1	1	415	563	978	0.0	743
sample_7933	AMSI01000044.1/396-1880	98.421	380	5	1	1	380	324	702	0.0	655
sample_7933	AKIZ01000031.1/469-1953	97.632	380	8	1	1	380	324	702	0.0	642
sample_7933	LBCQ01000022.1/5696-4212	97.105	380	10	1	1	380	324	702	4.68e-180	633
sample_7933	CP011479.1/4841569-4842322	96.842	380	11	1	1	380	324	702	5.70e-179	628
sample_7933	AM040264.1/1605056-1603571	96.842	380	11	1	1	380	324	702	5.70e-179	628
sample_9540	ACSH02000003.1/1975-421	99.005	402	3	1	1	401	105	506	0.0	706
sample_9540	ACSH02000002.1/666682-667132	98.851	348	0	2	1	348	108	451	6.89e-172	605
sample_9540	CP011546.1/2337928-2336399	92.269	401	15	5	1	401	98	482	3.34e-163	576
sample_9540	CP011546.1/2209500-2207971	92.269	401	15	5	1	401	98	482	3.34e-163	576
sample_9540	CP011546.1/1929465-1927936	92.269	401	15	5	1	401	98	482	3.34e-163	576
sample_7171	AP012978.1/2213332-2211832	91.349	393	31	2	1	391	30	421	4.52e-155	550
sample_7171	LVKA01000008.1/154383-155924	89.051	411	23	5	1	391	30	438	2.85e-151	536
sample_7171	FO082060.1/124426-125960	89.604	404	28	4	1	391	30	432	9.96e-151	535
sample_7171	FO082060.1/4084937-4083403	89.604	404	28	4	1	391	30	432	9.96e-151	535
sample_7171	FO082060.1/618669-620203	89.356	404	29	4	1	391	30	432	4.24e-149	530
sample_6364	CP015961.1/873444-874959	96.948	426	10	3	1	425	9	432	0.0	700
sample_6364	CP015961.1/1610475-1611990	96.948	426	10	3	1	425	9	432	0.0	700
sample_6364	CM001149.1/681130-682648	96.244	426	15	1	1	425	9	434	0.0	693
sample_6364	CM001149.1/3267877-3266359	96.244	426	15	1	1	425	9	434	0.0	693
sample_6364	CM001149.1/3259598-3258080	96.244	426	15	1	1	425	9	434	0.0	693
sample_3154	MCIC01000017.1/232-1760	98.892	361	4	0	1	361	349	709	1.27e-180	634
sample_3154	MCIC01000010.1/9848-8320	98.892	361	4	0	1	361	349	709	1.27e-180	634
sample_3154	MCIC01000009.1/5294-3766	98.892	361	4	0	1	361	349	709	1.27e-180	634
sample_3154	MCIC01000005.1/5294-3766	98.892	361	4	0	1	361	349	709	1.27e-180	634
sample_3154	AYZS02065924.1/1006-1	98.061	361	7	0	1	361	342	702	2.79e-176	620
sample_9645	LDJK01000058.1/5124-3578	99.248	399	3	0	1	399	23	421	0.0	707
sample_9645	DS027472.1/1139-1	98.747	399	5	0	1	399	23	421	0.0	698
sample_9645	LL974006.1/233-1777	98.997	399	2	2	1	399	23	419	0.0	695
sample_9645	MUYX01000273.1/2396-852	98.496	399	4	2	1	399	23	419	0.0	686
sample_9645	CP017483.1/2547932-2549478	97.995	399	8	0	1	399	23	421	0.0	684
sample_1125	CP007032.1/180162-181727	97.186	462	10	2	1	460	549	1009	0.0	769
sample_1125	CP007032.1/91940-93505	97.186	462	10	2	1	460	549	1009	0.0	769
sample_1125	CP007032.1/2182370-2180805	97.186	462	10	2	1	460	549	1009	0.0	769
sample_1125	CP007032.1/2169696-2168131	97.186	462	10	2	1	460	549	1009	0.0	769
sample_1125	CP007032.1/194966-196531	97.186	462	10	2	1	460	549	1009	0.0	769
sample_1411	CP010552.1/653653-652109	90.991	333	26	4	3	334	397	726	7.87e-126	452
sample_1411	AP013042.1/1346184-1344652	90.691	333	27	4	3	334	395	724	3.35e-124	447
sample_1411	MIQH01000630.1/13930-12397	90.691	333	27	4	3	334	395	724	3.35e-124	447
sample_1411	AGIF02000001.1/461952-463485	90.448	335	28	4	1	334	386	717	3.35e-124	446
sample_1411	CP006911.1/1528157-1526617	90.060	332	31	2	3	334	395	724	4.08e-123	444
sample_6805	FTOF01000024.1/350-1866	98.113	424	8	0	1	424	28	451	0.0	729
sample_6805	CP009215.1/622462-623980	97.406	424	11	0	1	424	28	451	0.0	716
sample_6805	CP009215.1/2177258-2175740	97.406	424	11	0	1	424	28	451	0.0	716
sample_6805	CP009215.1/1842130-1840612	97.406	424	11	0	1	424	28	451	0.0	716
sample_6805	CM000961.1/2311878-2310359	96.698	424	14	0	1	424	28	451	0.0	702
sample_4247	CP001819.1/4149072-4147549	97.789	407	8	1	1	407	8	413	0.0	691
sample_4247	CP001819.1/2476111-2474588	97.789	407	8	1	1	407	8	413	0.0	691
sample_4247	CP001819.1/1230083-1231606	97.543	407	9	1	1	407	8	413	0.0	686
sample_4247	CP001819.1/791906-793429	97.297	407	10	1	1	407	8	413	0.0	682
sample_4247	JYOE01000007.1/410382-411903	93.382	408	22	5	1	406	8	412	3.63e-169	597
sample_4158	DS562844.1/224445-223907	88.323	334	36	3	19	350	14	346	5.96e-115	416
sample_4158	DS562850.1/46910-47805	88.323	334	36	3	19	350	22	354	5.96e-115	416
sample_4158	DS562854.1/498125-498903	88.024	334	37	3	19	350	22	354	7.26e-114	412
sample_4158	DS562852.1/103262-104574	88.024	334	37	3	19	350	22	354	7.26e-114	412
sample_4158	DS562845.1/220941-222348	88.024	334	37	3	19	350	22	354	7.26e-114	412
sample_3557	DS027472.1/1139-1	98.138	376	7	0	1	376	28	403	0.0	647
sample_3557	LDJK01000058.1/5124-3578	98.138	376	7	0	1	376	28	403	0.0	647
sample_3557	LL974006.1/233-1777	97.872	376	6	2	1	376	28	401	0.0	636
sample_3557	MUYX01000273.1/2396-852	97.340	376	8	2	1	376	28	401	1.97e-178	627
sample_3557	CP017483.1/2547932-2549478	96.809	376	12	0	1	376	28	403	6.86e-178	625
sample_7466	AP006716.1/2500338-2498788	98.547	413	6	0	1	413	29	441	0.0	719
sample_7466	AP006716.1/879835-881385	98.547	413	6	0	1	413	29	441	0.0	719
sample_7466	AP006716.1/1103123-1104673	98.305	413	7	0	1	413	29	441	0.0	714
sample_7466	AP006716.1/2544026-2542476	98.305	413	7	0	1	413	29	441	0.0	714
sample_7466	AP006716.1/971186-972736	98.305	413	7	0	1	413	29	441	0.0	714
sample_8145	LL974006.1/233-1777	99.487	390	2	0	1	390	92	481	0.0	695
sample_8145	CALN01000120.1/250-1791	99.486	389	2	0	2	390	90	478	0.0	693
sample_8145	MUYX01000273.1/2396-852	98.974	390	4	0	1	390	92	481	0.0	686
sample_8145	DS027472.1/1139-1	98.715	389	5	0	2	390	95	483	0.0	680
sample_8145	BTMF_scaffold0005881/1550-1	98.956	383	4	0	8	390	171	553	0.0	673
sample_8145	BTMF_scaffold0005881/1550-1	96.053	76	3	0	1	76	94	169	5.90e-27	124
sample_8089	CP000029.1/150375-151925	99.510	408	2	0	1	408	28	435	0.0	728
sample_8089	HE965414.1/228-1778	99.510	408	2	0	1	408	28	435	0.0	728
sample_8089	CP000029.1/155527-157077	99.510	408	2	0	1	408	28	435	0.0	728
sample_8089	CP000029.1/1808184-1806634	99.265	408	3	0	1	408	28	435	0.0	723
sample_8089	CP000029.1/105735-107285	99.265	408	3	0	1	408	28	435	0.0	723
sample_2979	KQ483358.1/3629733-3628199	98.442	385	5	1	1	385	28	411	0.0	664
sample_2979	KQ483358.1/1091823-1093357	98.442	385	5	1	1	385	28	411	0.0	664
sample_2979	KQ483358.1/1086236-1087770	98.442	385	5	1	1	385	28	411	0.0	664
sample_2979	CP019239.1/658714-660248	97.922	385	7	1	1	385	28	411	0.0	655
sample_2979	CP019239.1/653034-654568	97.922	385	7	1	1	385	28	411	0.0	655
sample_911	DS999411.1/256591-255058	94.041	386	20	2	1	383	37	422	1.76e-166	587
sample_911	KN234749.1/96530-94997	92.487	386	26	2	1	383	37	422	2.45e-158	560
sample_911	AAVV01000015.1/29617-31150	92.487	386	26	2	1	383	37	422	2.45e-158	560
sample_911	DS999224.1/203811-204349	92.228	386	27	2	1	383	29	414	1.04e-156	555
sample_911	DS999225.1/198-1731	92.228	386	27	2	1	383	37	422	1.04e-156	555
sample_3341	DS027472.1/1139-1	98.469	392	6	0	1	392	28	419	0.0	681
sample_3341	LDJK01000058.1/5124-3578	98.469	392	6	0	1	392	28	419	0.0	681
sample_3341	LL974006.1/233-1777	98.214	392	5	2	1	392	28	417	0.0	669
sample_3341	MUYX01000273.1/2396-852	97.704	392	7	2	1	392	28	417	0.0	660
sample_3341	CP017483.1/2547932-2549478	97.194	392	11	0	1	392	28	419	0.0	658
sample_1121	CP000725.1/2178566-2177010	99.719	356	1	0	1	356	28	383	0.0	638
sample_1121	CP000725.1/661151-662707	99.157	356	3	0	1	356	28	383	5.31e-179	629
sample_1121	CP000725.1/2022125-2020569	99.157	356	3	0	1	356	28	383	5.31e-179	629
sample_1121	CP000725.1/1770115-1768559	99.157	356	3	0	1	356	28	383	5.31e-179	629
sample_1121	CP003857.1/1518749-1517195	93.539	356	23	0	1	356	28	383	7.39e-152	539
sample_2669	CP000725.1/2178566-2177010	100.000	356	0	0	1	356	28	383	0.0	643
sample_2669	CP000725.1/661151-662707	98.876	356	4	0	1	356	28	383	6.47e-178	625
sample_2669	CP000725.1/2022125-2020569	98.876	356	4	0	1	356	28	383	6.47e-178	625
sample_2669	CP000725.1/1770115-1768559	98.876	356	4	0	1	356	28	383	6.47e-178	625
sample_2669	CP003857.1/1518749-1517195	93.539	356	23	0	1	356	28	383	7.39e-152	539
sample_4307	CP001793.1/80156-81709	95.522	402	12	4	1	397	48	448	4.90e-180	632
sample_4307	CP001793.1/11923-13477	95.522	402	12	4	1	397	48	448	4.90e-180	632
sample_4307	CP001793.1/1068500-1070055	95.522	402	12	4	1	397	48	448	4.90e-180	632
sample_4307	LT840184.1/766470-768024	95.274	402	13	4	1	397	48	448	2.09e-178	627
sample_4307	CP001793.1/6404670-6403116	95.274	402	13	4	1	397	48	448	2.09e-178	627
sample_6113	LDJP01000061.1/4-1548	99.010	404	4	0	1	404	28	431	0.0	711
sample_6113	LL974006.1/233-1777	98.267	404	7	0	1	404	28	431	0.0	698
sample_6113	AOTI010667278.1/779-2323	98.020	404	8	0	1	404	28	431	0.0	693
sample_6113	DS027472.1/1139-1	98.030	406	6	2	1	404	28	433	0.0	690
sample_6113	MUYX01000273.1/2396-852	97.772	404	9	0	1	404	28	431	0.0	689
sample_4465	LIAO01000284.1/870-1	99.728	367	1	0	1	367	338	704	0.0	658
sample_4465	CP011489.1/1111927-1113445	88.587	368	41	1	1	367	339	706	9.31e-132	471
sample_4465	LCZK01000010.1/266334-267855	88.347	369	41	2	1	367	342	710	1.38e-129	465
sample_4465	AP012057.1/2932227-2930707	88.043	368	43	1	1	367	341	708	4.82e-129	462
sample_4465	AP012057.1/2311416-2312936	87.772	368	44	1	1	367	341	708	2.05e-127	458
sample_6869	MNRF01000435.1/5742-7123	89.714	350	36	0	1	350	28	377	3.09e-131	470
sample_6869	NFJL01000055.1/76-1607	88.636	352	38	2	1	350	28	379	1.01e-124	448
sample_6869	CP015405.2/2333243-2331711	89.266	354	31	6	1	350	28	378	3.52e-124	447
sample_6869	CP015405.2/196248-197780	88.701	354	33	4	1	350	28	378	3.52e-124	447
sample_6869	CP015405.2/4240676-4239144	89.266	354	31	6	1	350	28	378	3.52e-124	447
sample_3584	CP000029.1/150375-151925	99.494	395	2	0	1	395	28	422	0.0	704
sample_3584	HE965414.1/228-1778	99.494	395	2	0	1	395	28	422	0.0	704
sample_3584	CP000029.1/155527-157077	99.494	395	2	0	1	395	28	422	0.0	704
sample_3584	CP000029.1/1808184-1806634	99.241	395	3	0	1	395	28	422	0.0	700
sample_3584	CP000029.1/105735-107285	99.241	395	3	0	1	395	28	422	0.0	700
sample_9722	DS027472.1/1139-1	98.681	379	5	0	1	379	28	406	0.0	662
sample_9722	LDJK01000058.1/5124-3578	98.681	379	5	0	1	379	28	406	0.0	662
sample_9722	LL974006.1/233-1777	98.417	379	4	2	1	379	28	404	0.0	650
sample_9722	MUYX01000273.1/2396-852	97.889	379	6	2	1	379	28	404	0.0	641
sample_9722	CP017483.1/2547932-2549478	97.361	379	10	0	1	379	28	406	0.0	639
sample_1553	CCSE01000001.1/2186120-2187669	95.663	415	18	0	4	418	1036	1450	0.0	668
sample_1553	CCSE01000001.1/1269637-1268088	95.663	415	18	0	4	418	1036	1450	0.0	668
sample_1553	FRCF01000026.1/1147-1	95.181	415	20	0	4	418	724	1138	0.0	659
sample_1553	CP011366.1/372507-374058	94.940	415	20	1	4	418	1037	1450	0.0	651
sample_1553	CP011366.1/2722680-2721129	94.940	415	20	1	4	418	1037	1450	0.0	651
sample_7316	NHOM01000002.1/629177-630709	100.000	382	0	0	3	384	785	1166	0.0	690
sample_7316	LXKA01000388.1/137-1667	99.476	382	2	0	3	384	783	1164	0.0	681
sample_7316	CP010027.1/393574-392044	99.215	382	3	0	3	384	783	1164	0.0	676
sample_7316	CP010027.1/108860-107330	99.215	382	3	0	3	384	783	1164	0.0	676
sample_7316	CP010026.1/460608-459078	99.215	382	3	0	3	384	783	1164	0.0	676
sample_8413	URS0000B21DF7_1280/1-1547	98.747	399	5	0	1	399	23	421	0.0	698
sample_8413	URS0000BC469F_1280/1-1553	98.747	399	5	0	1	399	28	426	0.0	698
sample_8413	URS0000018F6E_1280/2-1554	98.747	399	5	0	1	399	28	426	0.0	698
sample_8413	CP000253.1/448820-450372	98.747	399	5	0	1	399	28	426	0.0	698
sample_8413	URS0000D56C2C_1280/6-1539	98.496	399	6	0	1	399	20	418	0.0	693
sample_5956	LFJF01047558.1/10263-12408	95.946	74	3	0	1	74	2064	2137	4.95e-26	121
sample_5956	DS547321.1/9776-9704	98.529	68	1	0	1	68	6	73	1.73e-25	119
sample_5956	JEMT01014353.1/434-331	98.529	68	1	0	1	68	37	104	1.73e-25	119
sample_5956	JEMT01015414.1/853-771	98.529	68	1	0	1	68	16	83	1.73e-25	119
sample_5956	AUND01000035.1/1-107	98.529	68	1	0	1	68	40	107	1.73e-25	119
sample_2718	AP006716.1/2500338-2498788	98.529	408	6	0	1	408	28	435	0.0	710
sample_2718	AP006716.1/879835-881385	98.529	408	6	0	1	408	28	435	0.0	710
sample_2718	AP006716.1/1103123-1104673	98.284	408	7	0	1	408	28	435	0.0	705
sample_2718	AP006716.1/2544026-2542476	98.284	408	7	0	1	408	28	435	0.0	705
sample_2718	AP006716.1/971186-972736	98.284	408	7	0	1	408	28	435	0.0	705
sample_9634	CP000082.1/660548-662086	97.423	388	10	0	1	388	354	741	0.0	655
sample_9634	CP000082.1/2591262-2589724	97.423	388	10	0	1	388	354	741	0.0	655
sample_9634	CP000082.1/2585156-2583618	97.423	388	10	0	1	388	354	741	0.0	655
sample_9634	CP000082.1/2425707-2424169	97.423	388	10	0	1	388	354	741	0.0	655
sample_9634	CP000713.1/776635-778169	97.172	389	11	0	1	389	352	740	0.0	653
sample_6207	FQUP01000010.1/5757-4271	93.622	439	27	1	1	439	621	1058	0.0	663
sample_6207	FQUP01000008.1/5757-4271	93.622	439	27	1	1	439	621	1058	0.0	663
sample_6207	FQUP01000007.1/457-1943	93.622	439	27	1	1	439	621	1058	0.0	663
sample_6207	FQUP01000004.1/589122-587636	93.622	439	27	1	1	439	621	1058	0.0	663
sample_6207	CP012398.1/2591659-2593145	92.906	437	30	1	3	439	625	1060	0.0	645
sample_2070	DS027472.1/1139-1	98.267	404	7	0	3	406	30	433	0.0	698
sample_2070	LDJK01000058.1/5124-3578	98.267	404	7	0	3	406	30	433	0.0	698
sample_2070	LL974006.1/233-1777	98.020	404	6	2	3	406	30	431	0.0	686
sample_2070	MUYX01000273.1/2396-852	97.525	404	8	2	3	406	30	431	0.0	677
sample_2070	CP017483.1/2547932-2549478	97.030	404	12	0	3	406	30	433	0.0	675
sample_3590	CP000029.1/150375-151925	99.223	386	3	0	1	386	28	413	0.0	683
sample_3590	HE965414.1/228-1778	99.223	386	3	0	1	386	28	413	0.0	683
sample_3590	CP000029.1/155527-157077	99.223	386	3	0	1	386	28	413	0.0	683
sample_3590	CP000029.1/1808184-1806634	98.964	386	4	0	1	386	28	413	0.0	679
sample_3590	CP000029.1/105735-107285	98.964	386	4	0	1	386	28	413	0.0	679
sample_4083	CM001773.1/1399557-1401096	99.178	365	3	0	1	365	8	372	0.0	645
sample_4083	KB233229.1/209-1749	99.178	365	3	0	1	365	8	372	0.0	645
sample_4083	CM001773.1/799029-799571	99.176	364	3	0	2	365	1	364	0.0	644
sample_4083	CM001774.1/4324412-4322873	98.904	365	4	0	1	365	8	372	0.0	641
sample_4083	LCVM01000522.1/87-1626	98.904	365	4	0	1	365	8	372	0.0	641
